{
    "train_loss": [
        13.597872998403465,
        8.85948643995368,
        6.626521763594254,
        6.3800758330718335,
        6.148802746897158
    ],
    "metrics": [
        {
            "map": 0.000679623568430543,
            "map_50": 0.003353364998474717,
            "map_75": 6.561292138940189e-06,
            "map_small": 1.6644492006889777e-06,
            "map_medium": 0.00014827812265139073,
            "map_large": 0.0027297032065689564,
            "mar_1": 0.0017200474394485354,
            "mar_10": 0.004092526622116566,
            "mar_100": 0.017734281718730927,
            "mar_small": 0.0018382353009656072,
            "mar_medium": 0.020700637251138687,
            "mar_large": 0.020974576473236084,
            "map_per_class": -1.0,
            "mar_100_per_class": -1.0,
            "classes": 1
        },
        {
            "map": 0.00013393754488788545,
            "map_50": 0.0006514615379273891,
            "map_75": 9.393728760187514e-06,
            "map_small": 0.0,
            "map_medium": 0.00016797141870483756,
            "map_large": 0.00024967442732304335,
            "mar_1": 0.00017793594452086836,
            "mar_10": 0.0034994068555533886,
            "mar_100": 0.017319098114967346,
            "mar_small": 0.0,
            "mar_medium": 0.02261146530508995,
            "mar_large": 0.016737287864089012,
            "map_per_class": -1.0,
            "mar_100_per_class": -1.0,
            "classes": 1
        },
        {
            "map": 0.00024002353893592954,
            "map_50": 0.0012535834684967995,
            "map_75": 3.2229786484094802e-06,
            "map_small": 2.5899710180965485e-06,
            "map_medium": 8.823854295769706e-05,
            "map_large": 0.004623337648808956,
            "mar_1": 0.0003558718890417367,
            "mar_10": 0.004685646388679743,
            "mar_100": 0.01542111486196518,
            "mar_small": 0.0029411765281111,
            "mar_medium": 0.014012739062309265,
            "mar_large": 0.025423727929592133,
            "map_per_class": -1.0,
            "mar_100_per_class": -1.0,
            "classes": 1
        },
        {
            "map": 0.0004504474636632949,
            "map_50": 0.0018360845278948545,
            "map_75": 7.148729491746053e-05,
            "map_small": 6.863834641990252e-06,
            "map_medium": 0.00012557407899294049,
            "map_large": 0.010692190378904343,
            "mar_1": 0.0,
            "mar_10": 0.006761565804481506,
            "mar_100": 0.018920522183179855,
            "mar_small": 0.005514706019312143,
            "mar_medium": 0.018046708777546883,
            "mar_large": 0.028389830142259598,
            "map_per_class": -1.0,
            "mar_100_per_class": -1.0,
            "classes": 1
        },
        {
            "map": 0.0012408063048496842,
            "map_50": 0.0035612110514193773,
            "map_75": 0.00027948556817136705,
            "map_small": 3.194068540324224e-06,
            "map_medium": 0.0003694352926686406,
            "map_large": 0.01580987125635147,
            "mar_1": 0.0007117437780834734,
            "mar_10": 0.009667852893471718,
            "mar_100": 0.02841043844819069,
            "mar_small": 0.0029411765281111,
            "mar_medium": 0.03386411815881729,
            "mar_large": 0.03220339119434357,
            "map_per_class": -1.0,
            "mar_100_per_class": -1.0,
            "classes": 1
        }
    ]
}